--Add data to object_types
delete from OBJECT_TYPES;
Insert into OBJECT_TYPES (OBJECT_TYPE_ID,NAME,DESCRIPTION) values (1,'user','database user');
Insert into OBJECT_TYPES (OBJECT_TYPE_ID,NAME,DESCRIPTION) values (2,'coin',' database coin');
Insert into OBJECT_TYPES (OBJECT_TYPE_ID,NAME,DESCRIPTION) values (3,'part of the world','database parts of the world');
Insert into OBJECT_TYPES (OBJECT_TYPE_ID,NAME,DESCRIPTION) values (4,'country','database countries');


--Add data to objects
delete from OBJECTS;
Insert into OBJECTS (OBJECT_ID,PARENT_ID,OBJECT_TYPE_ID,NAME) values (1,null,1,'Admin');
Insert into OBJECTS (OBJECT_ID,PARENT_ID,OBJECT_TYPE_ID,NAME) values (2,null,3,'Europe');
Insert into OBJECTS (OBJECT_ID,PARENT_ID,OBJECT_TYPE_ID,NAME) values (3,null,3,'America');
Insert into OBJECTS (OBJECT_ID,PARENT_ID,OBJECT_TYPE_ID,NAME) values (4,2,4,'Ukraine');
Insert into OBJECTS (OBJECT_ID,PARENT_ID,OBJECT_TYPE_ID,NAME) values (5,2,4,'Polska');
Insert into OBJECTS (OBJECT_ID,PARENT_ID,OBJECT_TYPE_ID,NAME) values (6,2,4,'Italy');
Insert into OBJECTS (OBJECT_ID,PARENT_ID,OBJECT_TYPE_ID,NAME) values (7,3,4,'USA');
Insert into OBJECTS (OBJECT_ID,PARENT_ID,OBJECT_TYPE_ID,NAME) values (8,3,4,'Canada');
Insert into OBJECTS (OBJECT_ID,PARENT_ID,OBJECT_TYPE_ID,NAME) values (9,6,2,'Italy 1000 lir');
Insert into OBJECTS (OBJECT_ID,PARENT_ID,OBJECT_TYPE_ID,NAME) values (10,6,2,'Italy 50 lir');
Insert into OBJECTS (OBJECT_ID,PARENT_ID,OBJECT_TYPE_ID,NAME) values (11,8,2,'Canada 1 cent');
Insert into OBJECTS (OBJECT_ID,PARENT_ID,OBJECT_TYPE_ID,NAME) values (12,8,2,'Canada 25 cent');
Insert into OBJECTS (OBJECT_ID,PARENT_ID,OBJECT_TYPE_ID,NAME) values (13,5,2,'Polska 10 groshey');
Insert into OBJECTS (OBJECT_ID,PARENT_ID,OBJECT_TYPE_ID,NAME) values (14,5,2,'Polska 5 zlotyh');
Insert into OBJECTS (OBJECT_ID,PARENT_ID,OBJECT_TYPE_ID,NAME) values (15,4,2,'Ukrain 1 grivna');
Insert into OBJECTS (OBJECT_ID,PARENT_ID,OBJECT_TYPE_ID,NAME) values (16,4,2,'Ukrain 5 kopiyok');
Insert into OBJECTS (OBJECT_ID,PARENT_ID,OBJECT_TYPE_ID,NAME) values (17,7,2,'USA 10 cent');
Insert into OBJECTS (OBJECT_ID,PARENT_ID,OBJECT_TYPE_ID,NAME) values (18,7,2,'USA 1 dollar');

--Add data to attributes
delete from ATTRIBUTES;
Insert into ATTRIBUTES (ATTR_ID,OBJECT_TYPE_ID,NAME,TYPE) values (1,1,'password','number');
Insert into ATTRIBUTES (ATTR_ID,OBJECT_TYPE_ID,NAME,TYPE) values (2,1,'admin','boolean');
Insert into ATTRIBUTES (ATTR_ID,OBJECT_TYPE_ID,NAME,TYPE) values (3,2,'weight','number');
Insert into ATTRIBUTES (ATTR_ID,OBJECT_TYPE_ID,NAME,TYPE) values (4,2,'year','number');
Insert into ATTRIBUTES (ATTR_ID,OBJECT_TYPE_ID,NAME,TYPE) values (5,2,'name','text');
Insert into ATTRIBUTES (ATTR_ID,OBJECT_TYPE_ID,NAME,TYPE) values (6,2,'metall','text');
Insert into ATTRIBUTES (ATTR_ID,OBJECT_TYPE_ID,NAME,TYPE) values (7,2,'diameter_mm','number');
Insert into ATTRIBUTES (ATTR_ID,OBJECT_TYPE_ID,NAME,TYPE) values (8,2,'value','number');
Insert into ATTRIBUTES (ATTR_ID,OBJECT_TYPE_ID,NAME,TYPE) values (9,1,'user_coins','number');

--Add data to params
delete from PARAMS;
Insert into PARAMS (OBJECT_ID,ATTR_ID,TEXT_VALUE,NUMBER_VALUE,BOOLEAN_VALUE,DATE_VALUE) values (1,1,'123',null,0,null);
Insert into PARAMS (OBJECT_ID,ATTR_ID,TEXT_VALUE,NUMBER_VALUE,BOOLEAN_VALUE,DATE_VALUE) values (1,2,null,null,1,null);
Insert into PARAMS (OBJECT_ID,ATTR_ID,TEXT_VALUE,NUMBER_VALUE,BOOLEAN_VALUE,DATE_VALUE) values (9,3,null,2,null,null);
Insert into PARAMS (OBJECT_ID,ATTR_ID,TEXT_VALUE,NUMBER_VALUE,BOOLEAN_VALUE,DATE_VALUE) values (9,4,null,1998,null,null);
Insert into PARAMS (OBJECT_ID,ATTR_ID,TEXT_VALUE,NUMBER_VALUE,BOOLEAN_VALUE,DATE_VALUE) values (9,5,'1000 lir',null,null,null);
Insert into PARAMS (OBJECT_ID,ATTR_ID,TEXT_VALUE,NUMBER_VALUE,BOOLEAN_VALUE,DATE_VALUE) values (9,6,'copper-nickel alloy',null,null,null);
Insert into PARAMS (OBJECT_ID,ATTR_ID,TEXT_VALUE,NUMBER_VALUE,BOOLEAN_VALUE,DATE_VALUE) values (9,7,null,9,null,null);
Insert into PARAMS (OBJECT_ID,ATTR_ID,TEXT_VALUE,NUMBER_VALUE,BOOLEAN_VALUE,DATE_VALUE) values (9,8,null,1000,null,null);
Insert into PARAMS (OBJECT_ID,ATTR_ID,TEXT_VALUE,NUMBER_VALUE,BOOLEAN_VALUE,DATE_VALUE) values (10,3,null,2,null,null);
Insert into PARAMS (OBJECT_ID,ATTR_ID,TEXT_VALUE,NUMBER_VALUE,BOOLEAN_VALUE,DATE_VALUE) values (10,4,null,1956,null,null);
Insert into PARAMS (OBJECT_ID,ATTR_ID,TEXT_VALUE,NUMBER_VALUE,BOOLEAN_VALUE,DATE_VALUE) values (10,7,null,24,null,null);
Insert into PARAMS (OBJECT_ID,ATTR_ID,TEXT_VALUE,NUMBER_VALUE,BOOLEAN_VALUE,DATE_VALUE) values (10,8,null,24,null,null);
Insert into PARAMS (OBJECT_ID,ATTR_ID,TEXT_VALUE,NUMBER_VALUE,BOOLEAN_VALUE,DATE_VALUE) values (10,5,'50 lir',null,null,null);
Insert into PARAMS (OBJECT_ID,ATTR_ID,TEXT_VALUE,NUMBER_VALUE,BOOLEAN_VALUE,DATE_VALUE) values (10,6,'stainless steel',null,null,null);
Insert into PARAMS (OBJECT_ID,ATTR_ID,TEXT_VALUE,NUMBER_VALUE,BOOLEAN_VALUE,DATE_VALUE) values (11,3,null,2,null,null);
Insert into PARAMS (OBJECT_ID,ATTR_ID,TEXT_VALUE,NUMBER_VALUE,BOOLEAN_VALUE,DATE_VALUE) values (11,4,null,1979,null,null);
Insert into PARAMS (OBJECT_ID,ATTR_ID,TEXT_VALUE,NUMBER_VALUE,BOOLEAN_VALUE,DATE_VALUE) values (11,7,null,19,null,null);
Insert into PARAMS (OBJECT_ID,ATTR_ID,TEXT_VALUE,NUMBER_VALUE,BOOLEAN_VALUE,DATE_VALUE) values (11,8,null,19,null,null);
Insert into PARAMS (OBJECT_ID,ATTR_ID,TEXT_VALUE,NUMBER_VALUE,BOOLEAN_VALUE,DATE_VALUE) values (11,5,'1 cent',null,null,null);
Insert into PARAMS (OBJECT_ID,ATTR_ID,TEXT_VALUE,NUMBER_VALUE,BOOLEAN_VALUE,DATE_VALUE) values (11,6,'bronze',null,null,null);
Insert into PARAMS (OBJECT_ID,ATTR_ID,TEXT_VALUE,NUMBER_VALUE,BOOLEAN_VALUE,DATE_VALUE) values (12,3,null,2,null,null);
Insert into PARAMS (OBJECT_ID,ATTR_ID,TEXT_VALUE,NUMBER_VALUE,BOOLEAN_VALUE,DATE_VALUE) values (12,4,null,2005,null,null);
Insert into PARAMS (OBJECT_ID,ATTR_ID,TEXT_VALUE,NUMBER_VALUE,BOOLEAN_VALUE,DATE_VALUE) values (12,7,null,24,null,null);
Insert into PARAMS (OBJECT_ID,ATTR_ID,TEXT_VALUE,NUMBER_VALUE,BOOLEAN_VALUE,DATE_VALUE) values (12,8,null,24,null,null);
Insert into PARAMS (OBJECT_ID,ATTR_ID,TEXT_VALUE,NUMBER_VALUE,BOOLEAN_VALUE,DATE_VALUE) values (12,5,'25 cent',null,null,null);
Insert into PARAMS (OBJECT_ID,ATTR_ID,TEXT_VALUE,NUMBER_VALUE,BOOLEAN_VALUE,DATE_VALUE) values (12,6,'Steel with nickel plating',null,null,null);
Insert into PARAMS (OBJECT_ID,ATTR_ID,TEXT_VALUE,NUMBER_VALUE,BOOLEAN_VALUE,DATE_VALUE) values (13,3,null,1,null,null);
Insert into PARAMS (OBJECT_ID,ATTR_ID,TEXT_VALUE,NUMBER_VALUE,BOOLEAN_VALUE,DATE_VALUE) values (13,4,null,2007,null,null);
Insert into PARAMS (OBJECT_ID,ATTR_ID,TEXT_VALUE,NUMBER_VALUE,BOOLEAN_VALUE,DATE_VALUE) values (13,7,null,16,null,null);
Insert into PARAMS (OBJECT_ID,ATTR_ID,TEXT_VALUE,NUMBER_VALUE,BOOLEAN_VALUE,DATE_VALUE) values (13,8,null,16,null,null);
Insert into PARAMS (OBJECT_ID,ATTR_ID,TEXT_VALUE,NUMBER_VALUE,BOOLEAN_VALUE,DATE_VALUE) values (13,5,'10 groshey',null,null,null);
Insert into PARAMS (OBJECT_ID,ATTR_ID,TEXT_VALUE,NUMBER_VALUE,BOOLEAN_VALUE,DATE_VALUE) values (13,6,'copper-nickel alloy',null,null,null);
Insert into PARAMS (OBJECT_ID,ATTR_ID,TEXT_VALUE,NUMBER_VALUE,BOOLEAN_VALUE,DATE_VALUE) values (14,3,null,1,null,null);
Insert into PARAMS (OBJECT_ID,ATTR_ID,TEXT_VALUE,NUMBER_VALUE,BOOLEAN_VALUE,DATE_VALUE) values (14,4,null,1988,null,null);
Insert into PARAMS (OBJECT_ID,ATTR_ID,TEXT_VALUE,NUMBER_VALUE,BOOLEAN_VALUE,DATE_VALUE) values (14,7,null,24,null,null);
Insert into PARAMS (OBJECT_ID,ATTR_ID,TEXT_VALUE,NUMBER_VALUE,BOOLEAN_VALUE,DATE_VALUE) values (14,8,null,24,null,null);
Insert into PARAMS (OBJECT_ID,ATTR_ID,TEXT_VALUE,NUMBER_VALUE,BOOLEAN_VALUE,DATE_VALUE) values (14,5,'5 zlotyh',null,null,null);
Insert into PARAMS (OBJECT_ID,ATTR_ID,TEXT_VALUE,NUMBER_VALUE,BOOLEAN_VALUE,DATE_VALUE) values (14,6,'brass',null,null,null);
Insert into PARAMS (OBJECT_ID,ATTR_ID,TEXT_VALUE,NUMBER_VALUE,BOOLEAN_VALUE,DATE_VALUE) values (15,3,null,2,null,null);
Insert into PARAMS (OBJECT_ID,ATTR_ID,TEXT_VALUE,NUMBER_VALUE,BOOLEAN_VALUE,DATE_VALUE) values (15,4,null,2004,null,null);
Insert into PARAMS (OBJECT_ID,ATTR_ID,TEXT_VALUE,NUMBER_VALUE,BOOLEAN_VALUE,DATE_VALUE) values (15,7,null,26,null,null);
Insert into PARAMS (OBJECT_ID,ATTR_ID,TEXT_VALUE,NUMBER_VALUE,BOOLEAN_VALUE,DATE_VALUE) values (15,8,null,26,null,null);
Insert into PARAMS (OBJECT_ID,ATTR_ID,TEXT_VALUE,NUMBER_VALUE,BOOLEAN_VALUE,DATE_VALUE) values (15,5,'1 grivna',null,null,null);
Insert into PARAMS (OBJECT_ID,ATTR_ID,TEXT_VALUE,NUMBER_VALUE,BOOLEAN_VALUE,DATE_VALUE) values (15,6,'aluminum bronze',null,null,null);
Insert into PARAMS (OBJECT_ID,ATTR_ID,TEXT_VALUE,NUMBER_VALUE,BOOLEAN_VALUE,DATE_VALUE) values (16,3,null,2,null,null);
Insert into PARAMS (OBJECT_ID,ATTR_ID,TEXT_VALUE,NUMBER_VALUE,BOOLEAN_VALUE,DATE_VALUE) values (16,4,null,2008,null,null);
Insert into PARAMS (OBJECT_ID,ATTR_ID,TEXT_VALUE,NUMBER_VALUE,BOOLEAN_VALUE,DATE_VALUE) values (16,7,null,24,null,null);
Insert into PARAMS (OBJECT_ID,ATTR_ID,TEXT_VALUE,NUMBER_VALUE,BOOLEAN_VALUE,DATE_VALUE) values (16,8,null,24,null,null);
Insert into PARAMS (OBJECT_ID,ATTR_ID,TEXT_VALUE,NUMBER_VALUE,BOOLEAN_VALUE,DATE_VALUE) values (16,5,'5 kopiyok',null,null,null);
Insert into PARAMS (OBJECT_ID,ATTR_ID,TEXT_VALUE,NUMBER_VALUE,BOOLEAN_VALUE,DATE_VALUE) values (16,6,'stainless steel',null,null,null);
Insert into PARAMS (OBJECT_ID,ATTR_ID,TEXT_VALUE,NUMBER_VALUE,BOOLEAN_VALUE,DATE_VALUE) values (17,3,null,1,null,null);
Insert into PARAMS (OBJECT_ID,ATTR_ID,TEXT_VALUE,NUMBER_VALUE,BOOLEAN_VALUE,DATE_VALUE) values (17,4,null,2000,null,null);
Insert into PARAMS (OBJECT_ID,ATTR_ID,TEXT_VALUE,NUMBER_VALUE,BOOLEAN_VALUE,DATE_VALUE) values (17,7,null,18,null,null);
Insert into PARAMS (OBJECT_ID,ATTR_ID,TEXT_VALUE,NUMBER_VALUE,BOOLEAN_VALUE,DATE_VALUE) values (17,8,null,18,null,null);
Insert into PARAMS (OBJECT_ID,ATTR_ID,TEXT_VALUE,NUMBER_VALUE,BOOLEAN_VALUE,DATE_VALUE) values (17,5,'10 cent',null,null,null);
Insert into PARAMS (OBJECT_ID,ATTR_ID,TEXT_VALUE,NUMBER_VALUE,BOOLEAN_VALUE,DATE_VALUE) values (17,6,'copper-nickel alloy',null,null,null);
Insert into PARAMS (OBJECT_ID,ATTR_ID,TEXT_VALUE,NUMBER_VALUE,BOOLEAN_VALUE,DATE_VALUE) values (18,3,null,2,null,null);
Insert into PARAMS (OBJECT_ID,ATTR_ID,TEXT_VALUE,NUMBER_VALUE,BOOLEAN_VALUE,DATE_VALUE) values (18,4,null,2014,null,null);
Insert into PARAMS (OBJECT_ID,ATTR_ID,TEXT_VALUE,NUMBER_VALUE,BOOLEAN_VALUE,DATE_VALUE) values (18,7,null,27,null,null);
Insert into PARAMS (OBJECT_ID,ATTR_ID,TEXT_VALUE,NUMBER_VALUE,BOOLEAN_VALUE,DATE_VALUE) values (18,8,null,27,null,null);
Insert into PARAMS (OBJECT_ID,ATTR_ID,TEXT_VALUE,NUMBER_VALUE,BOOLEAN_VALUE,DATE_VALUE) values (18,5,'1 dollar',null,null,null);
Insert into PARAMS (OBJECT_ID,ATTR_ID,TEXT_VALUE,NUMBER_VALUE,BOOLEAN_VALUE,DATE_VALUE) values (18,6,'Copper with manganese- plated brass',null,null,null);


commit;
